gsis_id,player_id,name,pos,url
00-0026345,2346,Pierre Garcon,WR,http://www.nfl.com/player/pierregarcon/2346/profile
00-0031339,2543614,Donte Moncrief,WR,http://www.nfl.com/player/dontemoncrief/2543614/profile
00-0026225,1992,Craig Stevens,TE,http://www.nfl.com/player/craigstevens/1992/profile
00-0026224,222,Harry Douglas,WR,http://www.nfl.com/player/harrydouglas/222/profile
00-0027691,497320,Andre Roberts,WR,http://www.nfl.com/player/andreroberts/497320/profile
00-0027690,497284,Eric Decker,WR,http://www.nfl.com/player/ericdecker/497284/profile
00-0027696,497236,Jimmy Graham,TE,http://www.nfl.com/player/jimmygraham/497236/profile
00-0028345,2530516,Robert Hughes,RB,http://www.nfl.com/player/roberthughes/2530516/profile
00-0028263,2495453,Andre Holmes,WR,http://www.nfl.com/player/andreholmes/2495453/profile
00-0027322,2507884,David Nelson,WR,http://www.nfl.com/player/davidnelson/2507884/profile
00-0027321,2507883,Jeff Cumberland,TE,http://www.nfl.com/player/jeffcumberland/2507883/profile
00-0027325,497149,LeGarrette Blount,RB,http://www.nfl.com/player/legarretteblount/497149/profile
00-0027994,2495473,Shane Vereen,RB,http://www.nfl.com/player/shanevereen/2495473/profile
00-0027996,2495459,Torrey Smith,WR,http://www.nfl.com/player/torreysmith/2495459/profile
00-0023496,2506400,Vincent Jackson,WR,http://www.nfl.com/player/vincentjackson/2506400/profile
00-0028043,2495161,Roy Helu,RB,http://www.nfl.com/player/royhelu/2495161/profile
00-0028042,2495234,Luke Stocker,TE,http://www.nfl.com/player/lukestocker/2495234/profile
00-0028040,2495267,Jordan Cameron,TE,http://www.nfl.com/player/jordancameron/2495267/profile
00-0027109,71247,James Casey,TE,http://www.nfl.com/player/jamescasey/71247/profile
00-0028905,2532923,Chris Owusu,WR,http://www.nfl.com/player/chrisowusu/2532923/profile
00-0027265,2507855,Victor Cruz,WR,http://www.nfl.com/player/victorcruz/2507855/profile
00-0031075,2543600,Alfred Blue,RB,http://www.nfl.com/player/alfredblue/2543600/profile
00-0030049,2539202,Chris Gragg,TE,http://www.nfl.com/player/chrisgragg/2539202/profile
00-0024408,2495838,Bruce Gradkowski,QB,http://www.nfl.com/player/brucegradkowski/2495838/profile
00-0023752,2506619,Daniel Fells,TE,http://www.nfl.com/player/danielfells/2506619/profile
00-0028198,2495258,Matt Asiata,RB,http://www.nfl.com/player/mattasiata/2495258/profile
00-0027218,497145,Joique Bell,RB,http://www.nfl.com/player/joiquebell/497145/profile
00-0027215,2507828,Logan Paulsen,TE,http://www.nfl.com/player/loganpaulsen/2507828/profile
00-0031387,2543466,Eric Ebron,TE,http://www.nfl.com/player/ericebron/2543466/profile
00-0031382,2543488,Jarvis Landry,WR,http://www.nfl.com/player/jarvislandry/2543488/profile
00-0031381,2543495,Davante Adams,WR,http://www.nfl.com/player/davanteadams/2543495/profile
00-0030460,2539291,Markus Wheaton,WR,http://www.nfl.com/player/markuswheaton/2539291/profile
00-0030466,2541314,Justin Brown,,http://www.nfl.com/player/justinbrown/2541314/profile
00-0024272,2506897,Devin Hester,WR,http://www.nfl.com/player/devinhester/2506897/profile
00-0030506,2540258,Travis Kelce,TE,http://www.nfl.com/player/traviskelce/2540258/profile
00-0029435,2536031,Damaris Johnson,WR,http://www.nfl.com/player/damarisjohnson/2536031/profile
00-0027061,71265,Jared Cook,TE,http://www.nfl.com/player/jaredcook/71265/profile
00-0026988,79619,Knowshon Moreno,,http://www.nfl.com/player/knowshonmoreno/79619/profile
00-0025701,2507278,Jackie Battle,,http://www.nfl.com/player/jackiebattle/2507278/profile
00-0029155,2535882,Mike Brown,WR,http://www.nfl.com/player/mikebrown/2535882/profile
00-0025460,2495651,Jacoby Jones,WR,http://www.nfl.com/player/jacobyjones/2495651/profile
00-0029654,2532876,A.J. Jenkins,WR,http://www.nfl.com/player/a.j.jenkins/2532876/profile
00-0025465,2507183,James Jones,WR,http://www.nfl.com/player/jamesjones/2507183/profile
00-0024313,2495825,Owen Daniels,TE,http://www.nfl.com/player/owendaniels/2495825/profile
00-0010346,2501863,Peyton Manning,QB,http://www.nfl.com/player/peytonmanning/2501863/profile
00-0027005,80672,Hakeem Nicks,WR,http://www.nfl.com/player/hakeemnicks/80672/profile
00-0031310,2543641,Devin Street,WR,http://www.nfl.com/player/devinstreet/2543641/profile
00-0023682,2506581,Ryan Fitzpatrick,QB,http://www.nfl.com/player/ryanfitzpatrick/2506581/profile
00-0031257,2543491,Paul Richardson,WR,http://www.nfl.com/player/paulrichardson/2543491/profile
00-0030388,2540171,Joseph Randle,RB,http://www.nfl.com/player/josephrandle/2540171/profile
00-0030865,2550485,Gator Hoskins,,http://www.nfl.com/player/gatorhoskins/2550485/profile
00-0029239,2532797,Brandon Bolden,RB,http://www.nfl.com/player/brandonbolden/2532797/profile
00-0030860,2550481,Orleans Darkwa,RB,http://www.nfl.com/player/orleansdarkwa/2550481/profile
00-0025418,2495700,Greg Olsen,TE,http://www.nfl.com/player/gregolsen/2495700/profile
00-0030985,2550448,Trey Watts,RB,http://www.nfl.com/player/treywatts/2550448/profile
00-0025414,2495676,Robert Meachem,,http://www.nfl.com/player/robertmeachem/2495676/profile
00-0030472,2540160,Jordan Reed,TE,http://www.nfl.com/player/jordanreed/2540160/profile
00-0026267,324,Jacob Tamme,TE,http://www.nfl.com/player/jacobtamme/324/profile
00-0026144,284,Darren McFadden,RB,http://www.nfl.com/player/darrenmcfadden/284/profile
00-0030470,2540215,Vance McDonald,TE,http://www.nfl.com/player/vancemcdonald/2540215/profile
00-0026143,310,Matt Ryan,QB,http://www.nfl.com/player/mattryan/310/profile
00-0030513,2541161,Latavius Murray,RB,http://www.nfl.com/player/lataviusmurray/2541161/profile
00-0027793,2508061,Antonio Brown,WR,http://www.nfl.com/player/antoniobrown/2508061/profile
00-0027791,497206,James Starks,RB,http://www.nfl.com/player/jamesstarks/497206/profile
00-0031409,2543462,Johnny Manziel,QB,http://www.nfl.com/player/johnnymanziel/2543462/profile
00-0031408,2543468,Mike Evans,WR,http://www.nfl.com/player/mikeevans/2543468/profile
00-0031407,2543477,Blake Bortles,QB,http://www.nfl.com/player/blakebortles/2543477/profile
00-0030485,2540168,Eddie Lacy,RB,http://www.nfl.com/player/eddielacy/2540168/profile
00-0026314,832,Josh Morgan,WR,http://www.nfl.com/player/joshmorgan/832/profile
00-0026316,2643,Jalen Parmele,RB,http://www.nfl.com/player/jalenparmele/2643/profile
00-0028090,2508123,T.J. Yates,QB,http://www.nfl.com/player/t.j.yates/2508123/profile
00-0028091,2495189,Jeremy Kerley,WR,http://www.nfl.com/player/jeremykerley/2495189/profile
00-0021429,2505245,Carson Palmer,QB,http://www.nfl.com/player/carsonpalmer/2505245/profile
00-0029587,2532835,Rhett Ellison,TE,http://www.nfl.com/player/rhettellison/2532835/profile
00-0027702,2508048,Mike Williams,,http://www.nfl.com/player/mikewilliams/2508048/profile
00-0028954,2534822,Robert Golden,SAF,http://www.nfl.com/player/robertgolden/2534822/profile
00-0028074,2495340,Anthony Sherman,FB,http://www.nfl.com/player/anthonysherman/2495340/profile
00-0027135,89766,Brandon Myers,TE,http://www.nfl.com/player/brandonmyers/89766/profile
00-0030547,2539260,Denard Robinson,RB,http://www.nfl.com/player/denardrobinson/2539260/profile
00-0030544,2540211,Gavin Escobar,TE,http://www.nfl.com/player/gavinescobar/2540211/profile
00-0030542,2539205,Terrance Williams,WR,http://www.nfl.com/player/terrancewilliams/2539205/profile
00-0028957,2533349,Austin Davis,QB,http://www.nfl.com/player/austindavis/2533349/profile
00-0030540,2539256,Aaron Dobson,WR,http://www.nfl.com/player/aarondobson/2539256/profile
00-0026926,238445,Frank Summers,,http://www.nfl.com/player/franksummers/238445/profile
00-0028958,2533353,Cory Harkey,TE,http://www.nfl.com/player/coryharkey/2533353/profile
00-0024535,2507029,Eric Weems,WR,http://www.nfl.com/player/ericweems/2507029/profile
00-0030549,2540148,Tyler Eifert,TE,http://www.nfl.com/player/tylereifert/2540148/profile
00-0028093,2495211,Niles Paul,TE,http://www.nfl.com/player/nilespaul/2495211/profile
00-0028009,2495207,DeMarco Murray,RB,http://www.nfl.com/player/demarcomurray/2495207/profile
00-0028007,2508112,Rob Housler,TE,http://www.nfl.com/player/robhousler/2508112/profile
00-0028002,2495448,Randall Cobb,WR,http://www.nfl.com/player/randallcobb/2495448/profile
00-0028000,2495241,Daniel Thomas,RB,http://www.nfl.com/player/danielthomas/2495241/profile
00-0029615,2533034,Lamar Miller,RB,http://www.nfl.com/player/lamarmiller/2533034/profile
00-0029614,2535634,Chris Givens,WR,http://www.nfl.com/player/chrisgivens/2535634/profile
00-0029137,2533039,Alshon Jeffery,WR,http://www.nfl.com/player/alshonjeffery/2533039/profile
00-0029613,2532899,Doug Martin,RB,http://www.nfl.com/player/dougmartin/2532899/profile
00-0029205,2535890,Travaris Cadet,RB,http://www.nfl.com/player/travariscadet/2535890/profile
00-0029755,2541512,Brian Leonhardt,TE,http://www.nfl.com/player/brianleonhardt/2541512/profile
00-0029619,2536532,Jorvorskie Lane,FB,http://www.nfl.com/player/jorvorskielane/2536532/profile
00-0022127,2505629,Jason Witten,TE,http://www.nfl.com/player/jasonwitten/2505629/profile
00-0023564,2506467,Darren Sproles,RB,http://www.nfl.com/player/darrensproles/2506467/profile
00-0030431,2540169,Robert Woods,WR,http://www.nfl.com/player/robertwoods/2540169/profile
00-0023645,2506546,Derek Anderson,QB,http://www.nfl.com/player/derekanderson/2506546/profile
00-0024221,2495826,Vernon Davis,TE,http://www.nfl.com/player/vernondavis/2495826/profile
00-0030536,2540273,Zac Stacy,RB,http://www.nfl.com/player/zacstacy/2540273/profile
00-0024226,2495824,Jay Cutler,QB,http://www.nfl.com/player/jaycutler/2495824/profile
00-0029689,2533046,Dwayne Allen,TE,http://www.nfl.com/player/dwayneallen/2533046/profile
00-0007091,2501078,Matt Hasselbeck,QB,http://www.nfl.com/player/matthasselbeck/2501078/profile
00-0029275,2532853,Ladarius Green,TE,http://www.nfl.com/player/ladariusgreen/2532853/profile
00-0025516,2495573,Scott Chandler,TE,http://www.nfl.com/player/scottchandler/2495573/profile
00-0031428,2543509,Allen Robinson,WR,http://www.nfl.com/player/allenrobinson/2543509/profile
00-0025637,2495560,Ahmad Bradshaw,,http://www.nfl.com/player/ahmadbradshaw/2495560/profile
00-0029298,2532851,Cyrus Gray,,http://www.nfl.com/player/cyrusgray/2532851/profile
00-0024334,2495893,Brandon Marshall,WR,http://www.nfl.com/player/brandonmarshall/2495893/profile
00-0029141,2533457,Alfred Morris,RB,http://www.nfl.com/player/alfredmorris/2533457/profile
00-0024324,2495802,Jason Avant,WR,http://www.nfl.com/player/jasonavant/2495802/profile
00-0022942,2506121,Philip Rivers,QB,http://www.nfl.com/player/philiprivers/2506121/profile
00-0022943,2506122,Benjamin Watson,TE,http://www.nfl.com/player/benjaminwatson/2506122/profile
00-0027918,2508097,Andrew Hawkins,WR,http://www.nfl.com/player/andrewhawkins/2508097/profile
00-0026035,2649,Danny Amendola,WR,http://www.nfl.com/player/dannyamendola/2649/profile
00-0023968,2506746,Micheal Spurlock,,http://www.nfl.com/player/michealspurlock/2506746/profile
00-0029572,2532978,Jarius Wright,WR,http://www.nfl.com/player/jariuswright/2532978/profile
00-0026213,925,Jamaal Charles,RB,http://www.nfl.com/player/jamaalcharles/925/profile
00-0029999,2541151,Zach Sudfeld,TE,http://www.nfl.com/player/zachsudfeld/2541151/profile
00-0022427,2505790,Wes Welker,,http://www.nfl.com/player/weswelker/2505790/profile
00-0028352,2495338,Dane Sanzenbacher,,http://www.nfl.com/player/danesanzenbacher/2495338/profile
00-0030000,2539214,Kenbrell Thompkins,WR,http://www.nfl.com/player/kenbrellthompkins/2539214/profile
00-0029854,2540269,C.J. Anderson,RB,http://www.nfl.com/player/c.j.anderson/2540269/profile
00-0021547,2505299,Antonio Gates,TE,http://www.nfl.com/player/antoniogates/2505299/profile
00-0027450,497312,Preston Parker,WR,http://www.nfl.com/player/prestonparker/497312/profile
00-0027981,2495438,Kyle Rudolph,TE,http://www.nfl.com/player/kylerudolph/2495438/profile
00-0027985,2495187,Lance Kendricks,TE,http://www.nfl.com/player/lancekendricks/2495187/profile
00-0027595,2528181,Bryan Walters,WR,http://www.nfl.com/player/bryanwalters/2528181/profile
00-0031068,2543759,Ryan Grant,WR,http://www.nfl.com/player/ryangrant/2543759/profile
00-0031066,2543704,Lorenzo Taliaferro,RB,http://www.nfl.com/player/lorenzotaliaferro/2543704/profile
00-0025425,2507170,Zach Miller,,http://www.nfl.com/player/zachmiller/2507170/profile
00-0030181,2540232,Jack Doyle,TE,http://www.nfl.com/player/jackdoyle/2540232/profile
00-0027772,497172,Anthony Dixon,RB,http://www.nfl.com/player/anthonydixon/497172/profile
00-0029492,2536044,Jamize Olawale,RB,http://www.nfl.com/player/jamizeolawale/2536044/profile
00-0028149,2495314,Bruce Miller,FB,http://www.nfl.com/player/brucemiller/2495314/profile
00-0028142,2495288,Virgil Green,TE,http://www.nfl.com/player/virgilgreen/2495288/profile
00-0027003,2507779,Donald Brown,RB,http://www.nfl.com/player/donaldbrown/2507779/profile
00-0027006,71217,Kenny Britt,WR,http://www.nfl.com/player/kennybritt/71217/profile
00-0030300,2541966,Jaron Brown,WR,http://www.nfl.com/player/jaronbrown/2541966/profile
00-0024813,2507141,Pierre Thomas,,http://www.nfl.com/player/pierrethomas/2507141/profile
00-0022044,2505551,Andre Johnson,WR,http://www.nfl.com/player/andrejohnson/2505551/profile
00-0030578,2540145,Cordarrelle Patterson,WR,http://www.nfl.com/player/cordarrellepatterson/2540145/profile
00-0024268,2495835,Anthony Fasano,TE,http://www.nfl.com/player/anthonyfasano/2495835/profile
00-0024267,2495867,Greg Jennings,WR,http://www.nfl.com/player/gregjennings/2495867/profile
00-0022736,2505936,Steven Jackson,,http://www.nfl.com/player/stevenjackson/2505936/profile
00-0024466,2495821,Marques Colston,WR,http://www.nfl.com/player/marquescolston/2495821/profile
00-0025399,2495663,Marshawn Lynch,RB,http://www.nfl.com/player/marshawnlynch/2495663/profile
00-0027077,81831,Brian Hartline,WR,http://www.nfl.com/player/brianhartline/81831/profile
00-0025394,2507164,Adrian Peterson,RB,http://www.nfl.com/player/adrianpeterson/2507164/profile
00-0025396,2507166,Ted Ginn,WR,http://www.nfl.com/player/tedginn/2507166/profile
00-0029883,2539327,Joseph Fauria,TE,http://www.nfl.com/player/josephfauria/2539327/profile
00-0029668,2533031,Andrew Luck,QB,http://www.nfl.com/player/andrewluck/2533031/profile
00-0029665,2533033,Robert Griffin III,QB,http://www.nfl.com/player/robertgriffiniii/2533033/profile
00-0023367,2506313,Nate Washington,WR,http://www.nfl.com/player/natewashington/2506313/profile
00-0024110,2506821,Steve Weatherford,P,http://www.nfl.com/player/steveweatherford/2506821/profile
00-0023459,2506363,Aaron Rodgers,QB,http://www.nfl.com/player/aaronrodgers/2506363/profile
00-0030348,2542022,Khiry Robinson,RB,http://www.nfl.com/player/khiryrobinson/2542022/profile
00-0029394,2535966,Brenton Bersin,WR,http://www.nfl.com/player/brentonbersin/2535966/profile
00-0031325,2543457,Sammy Watkins,WR,http://www.nfl.com/player/sammywatkins/2543457/profile
00-0031326,2543646,Bruce Ellington,WR,http://www.nfl.com/player/bruceellington/2543646/profile
00-0026072,4231,Jed Collins,,http://www.nfl.com/player/jedcollins/4231/profile
00-0023921,2495801,Miles Austin,WR,http://www.nfl.com/player/milesaustin/2495801/profile
00-0024217,2506874,Reggie Bush,RB,http://www.nfl.com/player/reggiebush/2506874/profile
00-0030874,2550512,Damien Williams,RB,http://www.nfl.com/player/damienwilliams/2550512/profile
00-0026153,949,Jonathan Stewart,RB,http://www.nfl.com/player/jonathanstewart/949/profile
00-0030821,2550353,Allen Hurns,WR,http://www.nfl.com/player/allenhurns/2550353/profile
00-0029729,2534437,Austin Johnson,FB,http://www.nfl.com/player/austinjohnson/2534437/profile
00-0026158,382,Joe Flacco,QB,http://www.nfl.com/player/joeflacco/382/profile
00-0030822,2550356,Marcel Jensen,TE,http://www.nfl.com/player/marceljensen/2550356/profile
00-0027786,497174,Jonathan Dwyer,,http://www.nfl.com/player/jonathandwyer/497174/profile
00-0027825,497226,Jim Dray,TE,http://www.nfl.com/player/jimdray/497226/profile
00-0026557,2507585,Will Ta'ufo'ou,,http://www.nfl.com/player/willta'ufo'ou/2507585/profile
00-0030287,2539217,Andre Ellington,RB,http://www.nfl.com/player/andreellington/2539217/profile
00-0030280,2540178,Knile Davis,RB,http://www.nfl.com/player/kniledavis/2540178/profile
00-0031431,2543475,Marqise Lee,WR,http://www.nfl.com/player/marqiselee/2543475/profile
00-0030282,2539315,Stepfan Taylor,RB,http://www.nfl.com/player/stepfantaylor/2539315/profile
00-0030496,2540175,Le'Veon Bell,RB,http://www.nfl.com/player/le'veonbell/2540175/profile
00-0029683,2533437,Ronnie Hillman,RB,http://www.nfl.com/player/ronniehillman/2533437/profile
00-0020679,2504833,Shaun Hill,QB,http://www.nfl.com/player/shaunhill/2504833/profile
00-0028086,2495315,Denarius Moore,WR,http://www.nfl.com/player/denariusmoore/2495315/profile
00-0026855,89798,Antone Smith,RB,http://www.nfl.com/player/antonesmith/89798/profile
00-0026852,2507737,Darrel Young,FB,http://www.nfl.com/player/darrelyoung/2507737/profile
00-0027732,497246,Michael Hoomanawanui,TE,http://www.nfl.com/player/michaelhoomanawanui/497246/profile
00-0022414,2505785,Malcom Floyd,WR,http://www.nfl.com/player/malcomfloyd/2505785/profile
00-0024275,2495831,Maurice Jones-Drew,,http://www.nfl.com/player/mauricejonesdrew/2495831/profile
00-0026393,4433,Marcel Reece,FB,http://www.nfl.com/player/marcelreece/4433/profile
00-0028249,2530598,Jeremy Ross,WR,http://www.nfl.com/player/jeremyross/2530598/profile
00-0029273,2533460,Robert Turbin,RB,http://www.nfl.com/player/robertturbin/2533460/profile
00-0021206,2505076,Josh McCown,QB,http://www.nfl.com/player/joshmccown/2505076/profile
00-0031118,2550546,Corey Brown,WR,http://www.nfl.com/player/coreybrown/2550546/profile
00-0029590,2534742,Taylor Thompson,,http://www.nfl.com/player/taylorthompson/2534742/profile
00-0031299,2543500,Jordan Matthews,WR,http://www.nfl.com/player/jordanmatthews/2543500/profile
00-0019596,2504211,Tom Brady,QB,http://www.nfl.com/player/tombrady/2504211/profile
00-0028064,2495328,Bilal Powell,RB,http://www.nfl.com/player/bilalpowell/2495328/profile
00-0028067,2495353,Julius Thomas,TE,http://www.nfl.com/player/juliusthomas/2495353/profile
00-0031051,2543847,John Brown,WR,http://www.nfl.com/player/johnbrown/2543847/profile
00-0031057,2543551,Ka'Deem Carey,RB,http://www.nfl.com/player/ka'deemcarey/2543551/profile
00-0031055,2543565,Andre Williams,RB,http://www.nfl.com/player/andrewilliams/2543565/profile
00-0026937,81288,Brandon Gibson,WR,http://www.nfl.com/player/brandongibson/81288/profile
00-0026932,79629,Cedric Peerman,RB,http://www.nfl.com/player/cedricpeerman/79629/profile
00-0029567,2532842,Nick Foles,QB,http://www.nfl.com/player/nickfoles/2532842/profile
00-0028409,2530690,DuJuan Harris,RB,http://www.nfl.com/player/dujuanharris/2530690/profile
00-0030279,2540154,Keenan Allen,WR,http://www.nfl.com/player/keenanallen/2540154/profile
00-0025430,2495748,Drew Stanton,QB,http://www.nfl.com/player/drewstanton/2495748/profile
00-0027057,81306,Brandon Tate,WR,http://www.nfl.com/player/brandontate/81306/profile
00-0028581,2530763,Patrick DiMarco,FB,http://www.nfl.com/player/patrickdimarco/2530763/profile
00-0030443,2540203,Levine Toilolo,TE,http://www.nfl.com/player/levinetoilolo/2540203/profile
00-0030521,2540151,Justin Hunter,WR,http://www.nfl.com/player/justinhunter/2540151/profile
00-0030520,2539275,Mike Glennon,QB,http://www.nfl.com/player/mikeglennon/2539275/profile
00-0030522,2539341,Montee Ball,RB,http://www.nfl.com/player/monteeball/2539341/profile
00-0030525,2539336,Tavon Austin,WR,http://www.nfl.com/player/tavonaustin/2539336/profile
00-0030526,2539228,EJ Manuel,QB,http://www.nfl.com/player/ejmanuel/2539228/profile
00-0029697,2532838,Coby Fleener,TE,http://www.nfl.com/player/cobyfleener/2532838/profile
00-0031280,2543499,Derek Carr,QB,http://www.nfl.com/player/derekcarr/2543499/profile
00-0026986,71269,Michael Crabtree,WR,http://www.nfl.com/player/michaelcrabtree/71269/profile
00-0030089,2541199,Luke Willson,TE,http://www.nfl.com/player/lukewillson/2541199/profile
00-0030085,2540202,Kenny Stills,WR,http://www.nfl.com/player/kennystills/2540202/profile
00-0027861,497204,C.J. Spiller,RB,http://www.nfl.com/player/c.j.spiller/497204/profile
00-0029910,2541768,Timothy Wright,TE,http://www.nfl.com/player/timothywright/2541768/profile
00-0027864,497188,Ryan Mathews,RB,http://www.nfl.com/player/ryanmathews/497188/profile
00-0028121,2495472,Jordan Todman,RB,http://www.nfl.com/player/jordantodman/2495472/profile
00-0027902,497278,Dez Bryant,WR,http://www.nfl.com/player/dezbryant/497278/profile
00-0024332,2495967,Leon Washington,,http://www.nfl.com/player/leonwashington/2495967/profile
00-0026182,1990,Eddie Royal,WR,http://www.nfl.com/player/eddieroyal/1990/profile
00-0026184,234,Matt Forte,RB,http://www.nfl.com/player/mattforte/234/profile
00-0031376,2543715,Jerick McKinnon,RB,http://www.nfl.com/player/jerickmckinnon/2543715/profile
00-0031375,2543664,Terrance West,RB,http://www.nfl.com/player/terrancewest/2543664/profile
00-0026189,1581,DeSean Jackson,WR,http://www.nfl.com/player/deseanjackson/1581/profile
00-0031277,2550658,Branden Oliver,RB,http://www.nfl.com/player/brandenoliver/2550658/profile
00-0022811,2506004,Jerricho Cotchery,WR,http://www.nfl.com/player/jerrichocotchery/2506004/profile
00-0026201,1062,Martellus Bennett,TE,http://www.nfl.com/player/martellusbennett/1062/profile
00-0026164,262,Chris Johnson,RB,http://www.nfl.com/player/chrisjohnson/262/profile
00-0026899,79563,Shonn Greene,,http://www.nfl.com/player/shonngreene/79563/profile
00-0024389,2495966,Delanie Walker,TE,http://www.nfl.com/player/delaniewalker/2495966/profile
00-0030154,2541828,Frankie Hammond,WR,http://www.nfl.com/player/frankiehammond/2541828/profile
00-0030155,2541187,Demetrius Harris,TE,http://www.nfl.com/player/demetriusharris/2541187/profile
00-0022921,2506106,Larry Fitzgerald,WR,http://www.nfl.com/player/larryfitzgerald/2506106/profile
00-0022924,2506109,Ben Roethlisberger,QB,http://www.nfl.com/player/benroethlisberger/2506109/profile
00-0028021,2495179,Jerrel Jernigan,,http://www.nfl.com/player/jerreljernigan/2495179/profile
00-0028434,2530747,Doug Baldwin,WR,http://www.nfl.com/player/dougbaldwin/2530747/profile
00-0019714,2504319,Shane Lechler,P,http://www.nfl.com/player/shanelechler/2504319/profile
00-0029159,2532887,Jermaine Kearse,WR,http://www.nfl.com/player/jermainekearse/2532887/profile
00-0028543,2530713,Jeff Maehl,WR,http://www.nfl.com/player/jeffmaehl/2530713/profile
00-0023662,2506562,Matt Cassel,QB,http://www.nfl.com/player/mattcassel/2506562/profile
00-0027888,497176,Toby Gerhart,RB,http://www.nfl.com/player/tobygerhart/497176/profile
00-0022084,2505587,Anquan Boldin,WR,http://www.nfl.com/player/anquanboldin/2505587/profile
00-0028442,2495306,Ricardo Lockette,WR,http://www.nfl.com/player/ricardolockette/2495306/profile
00-0026364,768,Steve Johnson,WR,http://www.nfl.com/player/stevejohnson/768/profile
00-0031367,2543733,Gabe Jackson,G,http://www.nfl.com/player/gabejackson/2543733/profile
00-0029311,2532862,Junior Hemingway,WR,http://www.nfl.com/player/juniorhemingway/2532862/profile
00-0024297,2495843,Derek Hagan,,http://www.nfl.com/player/derekhagan/2495843/profile
00-0030565,2539335,Geno Smith,QB,http://www.nfl.com/player/genosmith/2539335/profile
00-0030564,2540165,DeAndre Hopkins,WR,http://www.nfl.com/player/deandrehopkins/2540165/profile
00-0027966,2495466,Mark Ingram,RB,http://www.nfl.com/player/markingram/2495466/profile
00-0025549,2507218,Brent Celek,TE,http://www.nfl.com/player/brentcelek/2507218/profile
00-0029795,2541544,Benny Cunningham,RB,http://www.nfl.com/player/bennycunningham/2541544/profile
00-0020498,2504747,Reggie Wayne,WR,http://www.nfl.com/player/reggiewayne/2504747/profile
00-0029415,2532900,Keshawn Martin,WR,http://www.nfl.com/player/keshawnmartin/2532900/profile
00-0025542,2495724,Dante Rosario,TE,http://www.nfl.com/player/danterosario/2495724/profile
00-0029000,2535698,Cole Beasley,WR,http://www.nfl.com/player/colebeasley/2535698/profile
00-0029004,2535708,Lance Dunbar,RB,http://www.nfl.com/player/lancedunbar/2535708/profile
00-0025389,2495647,Calvin Johnson,WR,http://www.nfl.com/player/calvinjohnson/2495647/profile
00-0026796,79555,Arian Foster,RB,http://www.nfl.com/player/arianfoster/79555/profile
00-0029892,2540230,Kyle Juszczyk,FB,http://www.nfl.com/player/kylejuszczyk/2540230/profile
00-0029675,2533032,Trent Richardson,RB,http://www.nfl.com/player/trentrichardson/2533032/profile
00-0023460,2506364,Jason Campbell,,http://www.nfl.com/player/jasoncampbell/2506364/profile
00-0027946,2495194,Jake Locker,,http://www.nfl.com/player/jakelocker/2495194/profile
00-0023462,2506366,Roddy White,WR,http://www.nfl.com/player/roddywhite/2506366/profile
00-0027944,2495454,Julio Jones,WR,http://www.nfl.com/player/juliojones/2495454/profile
00-0027942,2495450,A.J. Green,WR,http://www.nfl.com/player/a.j.green/2495450/profile
00-0026498,79860,Matthew Stafford,QB,http://www.nfl.com/player/matthewstafford/79860/profile
00-0029384,2534571,Bobby Rainey,RB,http://www.nfl.com/player/bobbyrainey/2534571/profile
00-0023503,2506407,Courtney Roby,,http://www.nfl.com/player/courtneyroby/2506407/profile
00-0023500,2506404,Frank Gore,RB,http://www.nfl.com/player/frankgore/2506404/profile
00-0027949,2495488,J.J. Watt,DE,http://www.nfl.com/player/j.j.watt/2495488/profile
00-0031236,2543498,Brandin Cooks,WR,http://www.nfl.com/player/brandincooks/2543498/profile
00-0031237,2543465,Teddy Bridgewater,QB,http://www.nfl.com/player/teddybridgewater/2543465/profile
00-0024204,2506871,Fred Jackson,RB,http://www.nfl.com/player/fredjackson/2506871/profile
00-0026069,2507428,Mike Tolbert,FB,http://www.nfl.com/player/miketolbert/2507428/profile
00-0029708,2532977,Kendall Wright,WR,http://www.nfl.com/player/kendallwright/2532977/profile
00-0029701,2532956,Ryan Tannehill,QB,http://www.nfl.com/player/ryantannehill/2532956/profile
00-0030112,2540225,Tommy Bohanon,FB,http://www.nfl.com/player/tommybohanon/2540225/profile
00-0027939,2495455,Cam Newton,QB,http://www.nfl.com/player/camnewton/2495455/profile
00-0026019,4327,Danny Woodhead,RB,http://www.nfl.com/player/dannywoodhead/4327/profile
00-0026237,206,Andre Caldwell,WR,http://www.nfl.com/player/andrecaldwell/206/profile
00-0028083,2495471,Jacquizz Rodgers,RB,http://www.nfl.com/player/jacquizzrodgers/2495471/profile
00-0027685,497322,Emmanuel Sanders,WR,http://www.nfl.com/player/emmanuelsanders/497322/profile
00-0030068,2539964,Marquise Goodwin,WR,http://www.nfl.com/player/marquisegoodwin/2539964/profile
00-0027681,497302,Brandon LaFell,WR,http://www.nfl.com/player/brandonlafell/497302/profile
00-0030061,2540158,Zach Ertz,TE,http://www.nfl.com/player/zachertz/2540158/profile
00-0025410,2495558,Dwayne Bowe,WR,http://www.nfl.com/player/dwaynebowe/2495558/profile
00-0028114,2495159,Dwayne Harris,WR,http://www.nfl.com/player/dwayneharris/2495159/profile
00-0031285,2543583,Devonta Freeman,RB,http://www.nfl.com/player/devontafreeman/2543583/profile
00-0028116,2495331,Aldrick Robinson,WR,http://www.nfl.com/player/aldrickrobinson/2495331/profile
00-0029580,2532903,Rishard Matthews,WR,http://www.nfl.com/player/rishardmatthews/2532903/profile
00-0028112,2495139,Charles Clay,TE,http://www.nfl.com/player/charlesclay/2495139/profile
00-0028050,2495223,Greg Salas,WR,http://www.nfl.com/player/gregsalas/2495223/profile
00-0029588,2532864,Dan Herron,RB,http://www.nfl.com/player/danherron/2532864/profile
00-0028052,2495341,Cecil Shorts,WR,http://www.nfl.com/player/cecilshorts/2495341/profile
00-0026901,2507763,Mike Wallace,WR,http://www.nfl.com/player/mikewallace/2507763/profile
00-0031042,2543481,Jace Amaro,TE,http://www.nfl.com/player/jaceamaro/2543481/profile
00-0031045,2543743,Carlos Hyde,RB,http://www.nfl.com/player/carloshyde/2543743/profile
00-0031044,2543628,Troy Niklas,TE,http://www.nfl.com/player/troyniklas/2543628/profile
00-0029510,2534770,Jonathan Grimes,RB,http://www.nfl.com/player/jonathangrimes/2534770/profile
00-0027758,497282,Riley Cooper,WR,http://www.nfl.com/player/rileycooper/497282/profile
00-0027753,497258,Andrew Quarless,TE,http://www.nfl.com/player/andrewquarless/497258/profile
00-0030456,2540156,Giovani Bernard,RB,http://www.nfl.com/player/giovanibernard/2540156/profile
00-0030514,2539995,Mychal Rivera,TE,http://www.nfl.com/player/mychalrivera/2539995/profile
00-0030516,2541388,Brice Butler,WR,http://www.nfl.com/player/bricebutler/2541388/profile
00-0024240,2506885,Santonio Holmes,,http://www.nfl.com/player/santonioholmes/2506885/profile
00-0024243,2495888,Marcedes Lewis,TE,http://www.nfl.com/player/marcedeslewis/2495888/profile
00-0026998,80425,Percy Harvin,WR,http://www.nfl.com/player/percyharvin/80425/profile
00-0026625,81294,Brian Hoyer,QB,http://www.nfl.com/player/brianhoyer/81294/profile
00-0026996,71431,Brandon Pettigrew,TE,http://www.nfl.com/player/brandonpettigrew/71431/profile
00-0026995,80429,Jeremy Maclin,WR,http://www.nfl.com/player/jeremymaclin/80429/profile
00-0024242,2495979,DeAngelo Williams,RB,http://www.nfl.com/player/deangelowilliams/2495979/profile
00-0029051,2532799,Jarrett Boykin,WR,http://www.nfl.com/player/jarrettboykin/2532799/profile
00-0029050,2534566,Antwon Blake,CB,http://www.nfl.com/player/antwonblake/2534566/profile
00-0030095,2540261,Corey Fuller,WR,http://www.nfl.com/player/coreyfuller/2540261/profile
00-0029129,2535869,Rod Streater,WR,http://www.nfl.com/player/rodstreater/2535869/profile
00-0027874,497328,Demaryius Thomas,WR,http://www.nfl.com/player/demaryiusthomas/497328/profile
00-0027873,497238,Jermaine Gresham,TE,http://www.nfl.com/player/jermainegresham/497238/profile
00-0027974,2495186,Colin Kaepernick,QB,http://www.nfl.com/player/colinkaepernick/2495186/profile
00-0023437,2506341,Ronnie Brown,,http://www.nfl.com/player/ronniebrown/2506341/profile
00-0023436,2506340,Alex Smith,QB,http://www.nfl.com/player/alexsmith/2506340/profile
00-0026197,252,Chad Henne,QB,http://www.nfl.com/player/chadhenne/252/profile
00-0031301,2543603,Jeremy Hill,RB,http://www.nfl.com/player/jeremyhill/2543603/profile
00-0020245,2504531,Michael Vick,QB,http://www.nfl.com/player/michaelvick/2504531/profile
00-0026699,89688,Kevin Brock,TE,http://www.nfl.com/player/kevinbrock/89688/profile
00-0020531,2504775,Drew Brees,QB,http://www.nfl.com/player/drewbrees/2504775/profile
00-0022803,2505996,Eli Manning,QB,http://www.nfl.com/player/elimanning/2505996/profile
00-0029638,2532841,Michael Floyd,WR,http://www.nfl.com/player/michaelfloyd/2532841/profile
00-0029632,2533040,Mohamed Sanu,WR,http://www.nfl.com/player/mohamedsanu/2533040/profile
00-0026178,1966,John Carlson,,http://www.nfl.com/player/johncarlson/1966/profile
00-0026173,184,Donnie Avery,,http://www.nfl.com/player/donnieavery/184/profile
00-0026176,1032,Jordy Nelson,WR,http://www.nfl.com/player/jordynelson/1032/profile
00-0030780,2550206,Ryan Hewitt,TE,http://www.nfl.com/player/ryanhewitt/2550206/profile
00-0030400,2540005,Marlon Brown,WR,http://www.nfl.com/player/marlonbrown/2540005/profile
00-0031418,2543683,Austin Seferian-Jenkins,TE,http://www.nfl.com/player/austinseferianjenkins/2543683/profile
00-0031413,2543682,Bishop Sankey,RB,http://www.nfl.com/player/bishopsankey/2543682/profile
00-0026281,1060,Gary Barnidge,TE,http://www.nfl.com/player/garybarnidge/1060/profile
00-0031008,2550529,Silas Redd,RB,http://www.nfl.com/player/silasredd/2550529/profile
00-0028838,2537933,Larry Donnell,TE,http://www.nfl.com/player/larrydonnell/2537933/profile
00-0027656,497240,Rob Gronkowski,TE,http://www.nfl.com/player/robgronkowski/497240/profile
00-0027651,497190,Dexter McCluster,RB,http://www.nfl.com/player/dextermccluster/497190/profile
00-0027714,497254,Dennis Pitta,TE,http://www.nfl.com/player/dennispitta/497254/profile
00-0027712,497192,Joe McKnight,,http://www.nfl.com/player/joemcknight/497192/profile
00-0027891,497326,Golden Tate,WR,http://www.nfl.com/player/goldentate/497326/profile
00-0027890,497208,Ben Tate,,http://www.nfl.com/player/bentate/497208/profile
00-0026373,927,Justin Forsett,RB,http://www.nfl.com/player/justinforsett/927/profile
00-0029640,2532933,Brian Quick,WR,http://www.nfl.com/player/brianquick/2532933/profile
00-0027718,497234,Garrett Graham,TE,http://www.nfl.com/player/garrettgraham/497234/profile
00-0027029,79607,LeSean McCoy,RB,http://www.nfl.com/player/leseanmccoy/79607/profile
00-0029068,2534871,Derrick Coleman,FB,http://www.nfl.com/player/derrickcoleman/2534871/profile
00-0021678,2505354,Tony Romo,QB,http://www.nfl.com/player/tonyromo/2505354/profile
00-0030653,2550175,Ray Agnew,RB,http://www.nfl.com/player/rayagnew/2550175/profile
00-0028497,2530660,Kamar Aiken,WR,http://www.nfl.com/player/kamaraiken/2530660/profile
00-0030656,2550189,Isaiah Crowell,RB,http://www.nfl.com/player/isaiahcrowell/2550189/profile
00-0027150,238498,Julian Edelman,WR,http://www.nfl.com/player/julianedelman/238498/profile
00-0028011,2495470,Stevan Ridley,RB,http://www.nfl.com/player/stevanridley/2495470/profile
00-0028012,2495443,Ryan Mallett,QB,http://www.nfl.com/player/ryanmallett/2495443/profile
00-0027155,71345,Rashad Jennings,RB,http://www.nfl.com/player/rashadjennings/71345/profile
00-0028016,2495212,Austin Pettis,WR,http://www.nfl.com/player/austinpettis/2495212/profile
00-0029604,2532820,Kirk Cousins,QB,http://www.nfl.com/player/kirkcousins/2532820/profile
00-0030216,2541834,Josh Hill,TE,http://www.nfl.com/player/joshhill/2541834/profile
00-0029608,2532865,T.Y. Hilton,WR,http://www.nfl.com/player/t.y.hilton/2532865/profile
00-0022097,2505600,Brandon Lloyd,,http://www.nfl.com/player/brandonlloyd/2505600/profile
00-0030422,2540200,Dion Sims,TE,http://www.nfl.com/player/dionsims/2540200/profile
00-0031187,2543777,Robert Herron,WR,http://www.nfl.com/player/robertherron/2543777/profile
00-0031228,2550617,Taylor Gabriel,WR,http://www.nfl.com/player/taylorgabriel/2550617/profile
00-0027973,2495143,Andy Dalton,QB,http://www.nfl.com/player/andydalton/2495143/profile
00-0029260,2533036,LaMichael James,RB,http://www.nfl.com/player/lamichaeljames/2533036/profile
00-0029262,2533533,Rueben Randle,WR,http://www.nfl.com/player/ruebenrandle/2533533/profile
00-0029263,2532975,Russell Wilson,QB,http://www.nfl.com/player/russellwilson/2532975/profile
00-0029264,2533545,Bernard Pierce,RB,http://www.nfl.com/player/bernardpierce/2533545/profile
00-0029269,2532790,Travis Benjamin,WR,http://www.nfl.com/player/travisbenjamin/2532790/profile
00-0029119,2534241,Derek Carrier,TE,http://www.nfl.com/player/derekcarrier/2534241/profile
00-0030108,2541316,Ryan Griffin,TE,http://www.nfl.com/player/ryangriffin/2541316/profile
00-0030107,2540020,Theo Riddick,RB,http://www.nfl.com/player/theoriddick/2540020/profile
00-0031392,2543596,Dri Archer,RB,http://www.nfl.com/player/driarcher/2543596/profile
00-0031359,2543471,Kelvin Benjamin,WR,http://www.nfl.com/player/kelvinbenjamin/2543471/profile
00-0027925,2508101,James Develin,FB,http://www.nfl.com/player/jamesdevelin/2508101/profile
00-0030391,2540224,Mike James,RB,http://www.nfl.com/player/mikejames/2540224/profile
00-0022999,2506147,John Kuhn,FB,http://www.nfl.com/player/johnkuhn/2506147/profile
00-0020337,2504595,Steve Smith,WR,http://www.nfl.com/player/stevesmith/2504595/profile
00-0027531,2507999,Chris Ivory,RB,http://www.nfl.com/player/chrisivory/2507999/profile
00-0023465,2506369,Heath Miller,TE,http://www.nfl.com/player/heathmiller/2506369/profile
